season_id,league_id,league_name,district_id,game_id,match_date,match_date_iso,match_time,match_status,competition_label,home_team,away_team,duel_row_idx,player_name,opponent_name,player_team,opponent_team,player_is_home,opponent_is_home,player_set_1,player_set_2,player_set_3,player_set_4,opponent_set_1,opponent_set_2,opponent_set_3,opponent_set_4,player_kegel,opponent_kegel,player_sp,opponent_sp,player_mp,opponent_mp,kegel_diff,sp_diff,mp_diff,player_mp_win_label
11,3872,Männer - Landesliga B Staffel II,0,269323,28.02.2026,2026-02-28,11:00,wird gespielt,Männer / Landesliga B Staffel II / 14. Spieltag,CKC 01 Berlin I,SpG Semper / AdW Berlin II,0,"Puhlmann, Thomas","Pietschmann, Sven",CKC 01 Berlin I,SpG Semper / AdW Berlin II,1,0,,,,,,,,,0.0,0.0,,,,,0.0,,,0
11,3872,Männer - Landesliga B Staffel II,0,269323,28.02.2026,2026-02-28,11:00,wird gespielt,Männer / Landesliga B Staffel II / 14. Spieltag,CKC 01 Berlin I,SpG Semper / AdW Berlin II,0,"Pietschmann, Sven","Puhlmann, Thomas",SpG Semper / AdW Berlin II,CKC 01 Berlin I,0,1,,,,,,,,,0.0,0.0,,,,,0.0,,,0
11,3872,Männer - Landesliga B Staffel II,0,269323,28.02.2026,2026-02-28,11:00,wird gespielt,Männer / Landesliga B Staffel II / 14. Spieltag,CKC 01 Berlin I,SpG Semper / AdW Berlin II,1,"Stölzel, Michael","Richter, Heiko",CKC 01 Berlin I,SpG Semper / AdW Berlin II,1,0,,,,,,,,,0.0,0.0,,,,,0.0,,,0
11,3872,Männer - Landesliga B Staffel II,0,269323,28.02.2026,2026-02-28,11:00,wird gespielt,Männer / Landesliga B Staffel II / 14. Spieltag,CKC 01 Berlin I,SpG Semper / AdW Berlin II,1,"Richter, Heiko","Stölzel, Michael",SpG Semper / AdW Berlin II,CKC 01 Berlin I,0,1,,,,,,,,,0.0,0.0,,,,,0.0,,,0
11,3872,Männer - Landesliga B Staffel II,0,269323,28.02.2026,2026-02-28,11:00,wird gespielt,Männer / Landesliga B Staffel II / 14. Spieltag,CKC 01 Berlin I,SpG Semper / AdW Berlin II,2,"Krüger, Kurt","Pauli, Bernd",CKC 01 Berlin I,SpG Semper / AdW Berlin II,1,0,,,,,,,,,0.0,0.0,,,,,0.0,,,0
11,3872,Männer - Landesliga B Staffel II,0,269323,28.02.2026,2026-02-28,11:00,wird gespielt,Männer / Landesliga B Staffel II / 14. Spieltag,CKC 01 Berlin I,SpG Semper / AdW Berlin II,2,"Pauli, Bernd","Krüger, Kurt",SpG Semper / AdW Berlin II,CKC 01 Berlin I,0,1,,,,,,,,,0.0,0.0,,,,,0.0,,,0
11,3872,Männer - Landesliga B Staffel II,0,269323,28.02.2026,2026-02-28,11:00,wird gespielt,Männer / Landesliga B Staffel II / 14. Spieltag,CKC 01 Berlin I,SpG Semper / AdW Berlin II,3,"Leistritz, Danilo","Gulbin, Patrick",CKC 01 Berlin I,SpG Semper / AdW Berlin II,1,0,,,,,,,,,0.0,0.0,,,,,0.0,,,0
11,3872,Männer - Landesliga B Staffel II,0,269323,28.02.2026,2026-02-28,11:00,wird gespielt,Männer / Landesliga B Staffel II / 14. Spieltag,CKC 01 Berlin I,SpG Semper / AdW Berlin II,3,"Gulbin, Patrick","Leistritz, Danilo",SpG Semper / AdW Berlin II,CKC 01 Berlin I,0,1,,,,,,,,,0.0,0.0,,,,,0.0,,,0
11,3872,Männer - Landesliga B Staffel II,0,269323,28.02.2026,2026-02-28,11:00,wird gespielt,Männer / Landesliga B Staffel II / 14. Spieltag,CKC 01 Berlin I,SpG Semper / AdW Berlin II,4,"Meißner, Paul","Turzer, Ralf",CKC 01 Berlin I,SpG Semper / AdW Berlin II,1,0,,,,,,,,,0.0,0.0,,,,,0.0,,,0
11,3872,Männer - Landesliga B Staffel II,0,269323,28.02.2026,2026-02-28,11:00,wird gespielt,Männer / Landesliga B Staffel II / 14. Spieltag,CKC 01 Berlin I,SpG Semper / AdW Berlin II,4,"Turzer, Ralf","Meißner, Paul",SpG Semper / AdW Berlin II,CKC 01 Berlin I,0,1,,,,,,,,,0.0,0.0,,,,,0.0,,,0
11,3872,Männer - Landesliga B Staffel II,0,269323,28.02.2026,2026-02-28,11:00,wird gespielt,Männer / Landesliga B Staffel II / 14. Spieltag,CKC 01 Berlin I,SpG Semper / AdW Berlin II,5,"Meißner, Ralf","Geder, Lou-Lennard",CKC 01 Berlin I,SpG Semper / AdW Berlin II,1,0,,,,,,,,,0.0,0.0,,,,,0.0,,,0
11,3872,Männer - Landesliga B Staffel II,0,269323,28.02.2026,2026-02-28,11:00,wird gespielt,Männer / Landesliga B Staffel II / 14. Spieltag,CKC 01 Berlin I,SpG Semper / AdW Berlin II,5,"Geder, Lou-Lennard","Meißner, Ralf",SpG Semper / AdW Berlin II,CKC 01 Berlin I,0,1,,,,,,,,,0.0,0.0,,,,,0.0,,,0
11,3876,Jugend U 14 - Landesliga B weiblich,0,269188,07.02.2026,2026-02-07,13:00,beendet,Jugend U 14 / Landesliga B weiblich / 6. Spieltag,SpG MOL/UM/SPN Kreis I,SpG OSL Kreis I,0,"Quasdorf, Laura","Jahn, Amy-Malaika",SpG MOL/UM/SPN Kreis I,SpG OSL Kreis I,1,0,125.0,115.0,119.0,123.0,111.0,101.0,115.0,110.0,482.0,437.0,4.0,,1.0,,45.0,,,0
11,3876,Jugend U 14 - Landesliga B weiblich,0,269188,07.02.2026,2026-02-07,13:00,beendet,Jugend U 14 / Landesliga B weiblich / 6. Spieltag,SpG MOL/UM/SPN Kreis I,SpG OSL Kreis I,0,"Jahn, Amy-Malaika","Quasdorf, Laura",SpG OSL Kreis I,SpG MOL/UM/SPN Kreis I,0,1,111.0,101.0,115.0,110.0,125.0,115.0,119.0,123.0,437.0,482.0,,4.0,,1.0,-45.0,,,0
11,3876,Jugend U 14 - Landesliga B weiblich,0,269188,07.02.2026,2026-02-07,13:00,beendet,Jugend U 14 / Landesliga B weiblich / 6. Spieltag,SpG MOL/UM/SPN Kreis I,SpG OSL Kreis I,1,"Köhler, Zoe","Habicht, Mia",SpG MOL/UM/SPN Kreis I,SpG OSL Kreis I,1,0,101.0,113.0,121.0,98.0,112.0,119.0,82.0,93.0,433.0,406.0,2.0,2.0,1.0,,27.0,0.0,,0
11,3876,Jugend U 14 - Landesliga B weiblich,0,269188,07.02.2026,2026-02-07,13:00,beendet,Jugend U 14 / Landesliga B weiblich / 6. Spieltag,SpG MOL/UM/SPN Kreis I,SpG OSL Kreis I,1,"Habicht, Mia","Köhler, Zoe",SpG OSL Kreis I,SpG MOL/UM/SPN Kreis I,0,1,112.0,119.0,82.0,93.0,101.0,113.0,121.0,98.0,406.0,433.0,2.0,2.0,,1.0,-27.0,0.0,,0
11,3876,Jugend U 14 - Landesliga B weiblich,0,269188,07.02.2026,2026-02-07,13:00,beendet,Jugend U 14 / Landesliga B weiblich / 6. Spieltag,SpG MOL/UM/SPN Kreis I,SpG OSL Kreis I,2,"Schneider, Vanessa","Noack, Nele",SpG MOL/UM/SPN Kreis I,SpG OSL Kreis I,1,0,87.0,107.0,102.0,114.0,95.0,82.0,99.0,92.0,410.0,368.0,3.0,1.0,1.0,,42.0,2.0,,0
11,3876,Jugend U 14 - Landesliga B weiblich,0,269188,07.02.2026,2026-02-07,13:00,beendet,Jugend U 14 / Landesliga B weiblich / 6. Spieltag,SpG MOL/UM/SPN Kreis I,SpG OSL Kreis I,2,"Noack, Nele","Schneider, Vanessa",SpG OSL Kreis I,SpG MOL/UM/SPN Kreis I,0,1,95.0,82.0,99.0,92.0,87.0,107.0,102.0,114.0,368.0,410.0,1.0,3.0,,1.0,-42.0,-2.0,,0
11,3876,Jugend U 14 - Landesliga B weiblich,0,269188,07.02.2026,2026-02-07,13:00,beendet,Jugend U 14 / Landesliga B weiblich / 6. Spieltag,SpG MOL/UM/SPN Kreis I,SpG OSL Kreis I,3,"Köhler, Fabienne","Begert, Emma Leia",SpG MOL/UM/SPN Kreis I,SpG OSL Kreis I,1,0,119.0,122.0,121.0,93.0,132.0,108.0,110.0,104.0,455.0,454.0,2.0,2.0,1.0,,1.0,0.0,,0
11,3876,Jugend U 14 - Landesliga B weiblich,0,269188,07.02.2026,2026-02-07,13:00,beendet,Jugend U 14 / Landesliga B weiblich / 6. Spieltag,SpG MOL/UM/SPN Kreis I,SpG OSL Kreis I,3,"Begert, Emma Leia","Köhler, Fabienne",SpG OSL Kreis I,SpG MOL/UM/SPN Kreis I,0,1,132.0,108.0,110.0,104.0,119.0,122.0,121.0,93.0,454.0,455.0,2.0,2.0,,1.0,-1.0,0.0,,0
11,3877,Jugend U 19 - Landesliga B weiblich,0,269200,08.02.2026,2026-02-08,13:00,beendet,Jugend U 19 / Landesliga B weiblich / 6. Spieltag,SpG EE Kreis I,SpG MOL/UM/SPN Kreis I,0,"Bordihn, Isabell","Zillgitt, Jill",SpG EE Kreis I,SpG MOL/UM/SPN Kreis I,1,0,125.0,124.0,134.0,112.0,140.0,138.0,148.0,129.0,495.0,555.0,,4.0,,1.0,-60.0,,,0
11,3877,Jugend U 19 - Landesliga B weiblich,0,269200,08.02.2026,2026-02-08,13:00,beendet,Jugend U 19 / Landesliga B weiblich / 6. Spieltag,SpG EE Kreis I,SpG MOL/UM/SPN Kreis I,0,"Zillgitt, Jill","Bordihn, Isabell",SpG MOL/UM/SPN Kreis I,SpG EE Kreis I,0,1,140.0,138.0,148.0,129.0,125.0,124.0,134.0,112.0,555.0,495.0,4.0,,1.0,,60.0,,,0
11,3877,Jugend U 19 - Landesliga B weiblich,0,269200,08.02.2026,2026-02-08,13:00,beendet,Jugend U 19 / Landesliga B weiblich / 6. Spieltag,SpG EE Kreis I,SpG MOL/UM/SPN Kreis I,1,"Gürtler, Nele","Steinhardt, Johanna",SpG EE Kreis I,SpG MOL/UM/SPN Kreis I,1,0,130.0,124.0,122.0,114.0,134.0,118.0,131.0,116.0,490.0,499.0,1.0,3.0,,1.0,-9.0,-2.0,,0
11,3877,Jugend U 19 - Landesliga B weiblich,0,269200,08.02.2026,2026-02-08,13:00,beendet,Jugend U 19 / Landesliga B weiblich / 6. Spieltag,SpG EE Kreis I,SpG MOL/UM/SPN Kreis I,1,"Steinhardt, Johanna","Gürtler, Nele",SpG MOL/UM/SPN Kreis I,SpG EE Kreis I,0,1,134.0,118.0,131.0,116.0,130.0,124.0,122.0,114.0,499.0,490.0,3.0,1.0,1.0,,9.0,2.0,,0
11,3877,Jugend U 19 - Landesliga B weiblich,0,269200,08.02.2026,2026-02-08,13:00,beendet,Jugend U 19 / Landesliga B weiblich / 6. Spieltag,SpG EE Kreis I,SpG MOL/UM/SPN Kreis I,2,"Lange, Sophie","Czerny, Fiona-Lisanne",SpG EE Kreis I,SpG MOL/UM/SPN Kreis I,1,0,138.0,122.0,127.0,119.0,153.0,126.0,141.0,135.0,506.0,555.0,,4.0,,1.0,-49.0,,,0
11,3877,Jugend U 19 - Landesliga B weiblich,0,269200,08.02.2026,2026-02-08,13:00,beendet,Jugend U 19 / Landesliga B weiblich / 6. Spieltag,SpG EE Kreis I,SpG MOL/UM/SPN Kreis I,2,"Czerny, Fiona-Lisanne","Lange, Sophie",SpG MOL/UM/SPN Kreis I,SpG EE Kreis I,0,1,153.0,126.0,141.0,135.0,138.0,122.0,127.0,119.0,555.0,506.0,4.0,,1.0,,49.0,,,0
11,3877,Jugend U 19 - Landesliga B weiblich,0,269200,08.02.2026,2026-02-08,13:00,beendet,Jugend U 19 / Landesliga B weiblich / 6. Spieltag,SpG EE Kreis I,SpG MOL/UM/SPN Kreis I,3,"Klein, Shiva","Hoff, Mathilda",SpG EE Kreis I,SpG MOL/UM/SPN Kreis I,1,0,135.0,145.0,133.0,142.0,128.0,109.0,114.0,116.0,555.0,467.0,4.0,,1.0,,88.0,,,0
11,3877,Jugend U 19 - Landesliga B weiblich,0,269200,08.02.2026,2026-02-08,13:00,beendet,Jugend U 19 / Landesliga B weiblich / 6. Spieltag,SpG EE Kreis I,SpG MOL/UM/SPN Kreis I,3,"Hoff, Mathilda","Klein, Shiva",SpG MOL/UM/SPN Kreis I,SpG EE Kreis I,0,1,128.0,109.0,114.0,116.0,135.0,145.0,133.0,142.0,467.0,555.0,,4.0,,1.0,-88.0,,,0
11,3878,Jugend U 19 - Landesliga B männlich,0,269212,08.02.2026,2026-02-08,10:00,beendet,Jugend U 19 / Landesliga B männlich / 6. Spieltag,SpG EE Kreis I,SpG MOL/UM/SPN Kreis I,0,"Schiemann, Paul","Both, Justin",SpG EE Kreis I,SpG MOL/UM/SPN Kreis I,1,0,103.0,,,,123.0,114.0,,,103.0,237.0,,2.0,,,-134.0,,,0
11,3878,Jugend U 19 - Landesliga B männlich,0,269212,08.02.2026,2026-02-08,10:00,beendet,Jugend U 19 / Landesliga B männlich / 6. Spieltag,SpG EE Kreis I,SpG MOL/UM/SPN Kreis I,0,"Both, Justin","Schiemann, Paul",SpG MOL/UM/SPN Kreis I,SpG EE Kreis I,0,1,123.0,114.0,,,103.0,,,,237.0,103.0,2.0,,,,134.0,,,0
11,3878,Jugend U 19 - Landesliga B männlich,0,269212,08.02.2026,2026-02-08,10:00,beendet,Jugend U 19 / Landesliga B männlich / 6. Spieltag,SpG EE Kreis I,SpG MOL/UM/SPN Kreis I,1,"Meier, Felix","Müller, Lennox",SpG EE Kreis I,SpG MOL/UM/SPN Kreis I,1,0,,104.0,149.0,121.0,,,130.0,126.0,374.0,256.0,1.0,1.0,,1.0,118.0,0.0,,0
11,3878,Jugend U 19 - Landesliga B männlich,0,269212,08.02.2026,2026-02-08,10:00,beendet,Jugend U 19 / Landesliga B männlich / 6. Spieltag,SpG EE Kreis I,SpG MOL/UM/SPN Kreis I,1,"Müller, Lennox","Meier, Felix",SpG MOL/UM/SPN Kreis I,SpG EE Kreis I,0,1,,,130.0,126.0,,104.0,149.0,121.0,256.0,374.0,1.0,1.0,1.0,,-118.0,0.0,,0
11,3878,Jugend U 19 - Landesliga B männlich,0,269212,08.02.2026,2026-02-08,10:00,beendet,Jugend U 19 / Landesliga B männlich / 6. Spieltag,SpG EE Kreis I,SpG MOL/UM/SPN Kreis I,2,"Hofmann, Luis","Hartinger, Tobias",SpG EE Kreis I,SpG MOL/UM/SPN Kreis I,1,0,121.0,130.0,150.0,132.0,130.0,129.0,126.0,144.0,533.0,529.0,2.0,2.0,1.0,,4.0,0.0,,0
11,3878,Jugend U 19 - Landesliga B männlich,0,269212,08.02.2026,2026-02-08,10:00,beendet,Jugend U 19 / Landesliga B männlich / 6. Spieltag,SpG EE Kreis I,SpG MOL/UM/SPN Kreis I,2,"Hartinger, Tobias","Hofmann, Luis",SpG MOL/UM/SPN Kreis I,SpG EE Kreis I,0,1,130.0,129.0,126.0,144.0,121.0,130.0,150.0,132.0,529.0,533.0,2.0,2.0,,1.0,-4.0,0.0,,0
11,3878,Jugend U 19 - Landesliga B männlich,0,269212,08.02.2026,2026-02-08,10:00,beendet,Jugend U 19 / Landesliga B männlich / 6. Spieltag,SpG EE Kreis I,SpG MOL/UM/SPN Kreis I,3,"Krüger, Oskar","Schneider, Christopher",SpG EE Kreis I,SpG MOL/UM/SPN Kreis I,1,0,134.0,114.0,134.0,137.0,138.0,126.0,136.0,122.0,519.0,522.0,1.0,3.0,,1.0,-3.0,-2.0,,0
11,3878,Jugend U 19 - Landesliga B männlich,0,269212,08.02.2026,2026-02-08,10:00,beendet,Jugend U 19 / Landesliga B männlich / 6. Spieltag,SpG EE Kreis I,SpG MOL/UM/SPN Kreis I,3,"Schneider, Christopher","Krüger, Oskar",SpG MOL/UM/SPN Kreis I,SpG EE Kreis I,0,1,138.0,126.0,136.0,122.0,134.0,114.0,134.0,137.0,522.0,519.0,3.0,1.0,1.0,,3.0,2.0,,0
11,3878,Jugend U 19 - Landesliga B männlich,0,269212,08.02.2026,2026-02-08,10:00,beendet,Jugend U 19 / Landesliga B männlich / 6. Spieltag,SpG EE Kreis I,SpG MOL/UM/SPN Kreis I,4,"Barz, Jonas","Topka, Jonas",SpG EE Kreis I,SpG MOL/UM/SPN Kreis I,1,0,119.0,,,,128.0,123.0,133.0,130.0,119.0,514.0,,4.0,,1.0,-395.0,,,0
11,3878,Jugend U 19 - Landesliga B männlich,0,269212,08.02.2026,2026-02-08,10:00,beendet,Jugend U 19 / Landesliga B männlich / 6. Spieltag,SpG EE Kreis I,SpG MOL/UM/SPN Kreis I,4,"Topka, Jonas","Barz, Jonas",SpG MOL/UM/SPN Kreis I,SpG EE Kreis I,0,1,128.0,123.0,133.0,130.0,119.0,,,,514.0,119.0,4.0,,1.0,,395.0,,,0
11,3879,Jugend U 14 - Landesliga B männlich,0,269194,07.02.2026,2026-02-07,10:00,beendet,Jugend U 14 / Landesliga B männlich / 6. Spieltag,SpG MOL/UM/SPN Kreis I,SpG OSL Kreis I,0,"Klauck, Lukas","Seiffert, Yannik",SpG MOL/UM/SPN Kreis I,SpG OSL Kreis I,1,0,108.0,118.0,103.0,123.0,125.0,128.0,115.0,131.0,452.0,499.0,,4.0,,1.0,-47.0,,,0
11,3879,Jugend U 14 - Landesliga B männlich,0,269194,07.02.2026,2026-02-07,10:00,beendet,Jugend U 14 / Landesliga B männlich / 6. Spieltag,SpG MOL/UM/SPN Kreis I,SpG OSL Kreis I,0,"Seiffert, Yannik","Klauck, Lukas",SpG OSL Kreis I,SpG MOL/UM/SPN Kreis I,0,1,125.0,128.0,115.0,131.0,108.0,118.0,103.0,123.0,499.0,452.0,4.0,,1.0,,47.0,,,0
11,3879,Jugend U 14 - Landesliga B männlich,0,269194,07.02.2026,2026-02-07,10:00,beendet,Jugend U 14 / Landesliga B männlich / 6. Spieltag,SpG MOL/UM/SPN Kreis I,SpG OSL Kreis I,1,"Paulus, Paul","Adlung, Max",SpG MOL/UM/SPN Kreis I,SpG OSL Kreis I,1,0,88.0,127.0,107.0,111.0,109.0,155.0,115.0,126.0,433.0,505.0,,4.0,,1.0,-72.0,,,0
11,3879,Jugend U 14 - Landesliga B männlich,0,269194,07.02.2026,2026-02-07,10:00,beendet,Jugend U 14 / Landesliga B männlich / 6. Spieltag,SpG MOL/UM/SPN Kreis I,SpG OSL Kreis I,1,"Adlung, Max","Paulus, Paul",SpG OSL Kreis I,SpG MOL/UM/SPN Kreis I,0,1,109.0,155.0,115.0,126.0,88.0,127.0,107.0,111.0,505.0,433.0,4.0,,1.0,,72.0,,,0
11,3879,Jugend U 14 - Landesliga B männlich,0,269194,07.02.2026,2026-02-07,10:00,beendet,Jugend U 14 / Landesliga B männlich / 6. Spieltag,SpG MOL/UM/SPN Kreis I,SpG OSL Kreis I,2,"Brumme, Paul","Barkow, Leandro",SpG MOL/UM/SPN Kreis I,SpG OSL Kreis I,1,0,109.0,103.0,113.0,121.0,99.0,114.0,123.0,128.0,446.0,464.0,1.0,3.0,,1.0,-18.0,-2.0,,0
11,3879,Jugend U 14 - Landesliga B männlich,0,269194,07.02.2026,2026-02-07,10:00,beendet,Jugend U 14 / Landesliga B männlich / 6. Spieltag,SpG MOL/UM/SPN Kreis I,SpG OSL Kreis I,2,"Barkow, Leandro","Brumme, Paul",SpG OSL Kreis I,SpG MOL/UM/SPN Kreis I,0,1,99.0,114.0,123.0,128.0,109.0,103.0,113.0,121.0,464.0,446.0,3.0,1.0,1.0,,18.0,2.0,,0
11,3879,Jugend U 14 - Landesliga B männlich,0,269194,07.02.2026,2026-02-07,10:00,beendet,Jugend U 14 / Landesliga B männlich / 6. Spieltag,SpG MOL/UM/SPN Kreis I,SpG OSL Kreis I,3,"Schulze, Lennard","Plöttner, Lukas",SpG MOL/UM/SPN Kreis I,SpG OSL Kreis I,1,0,103.0,119.0,97.0,,121.0,125.0,143.0,107.0,319.0,496.0,,4.0,,1.0,-177.0,,,0
11,3879,Jugend U 14 - Landesliga B männlich,0,269194,07.02.2026,2026-02-07,10:00,beendet,Jugend U 14 / Landesliga B männlich / 6. Spieltag,SpG MOL/UM/SPN Kreis I,SpG OSL Kreis I,3,"Plöttner, Lukas","Schulze, Lennard",SpG OSL Kreis I,SpG MOL/UM/SPN Kreis I,0,1,121.0,125.0,143.0,107.0,103.0,119.0,97.0,,496.0,319.0,4.0,,1.0,,177.0,,,0
11,3931,Gemischt - Kreisliga,44,275672,28.02.2026,2026-02-28,10:00,wird gespielt,Gemischt / Kreisliga / 11. Spieltag,KC Rot-Weiß 1902 Bad Liebenwerda II,Gräfendorfer SV 1990 I,0,"Kunath, Ralf","Konrad, Ringo",KC Rot-Weiß 1902 Bad Liebenwerda II,Gräfendorfer SV 1990 I,1,0,108.0,132.0,,,153.0,116.0,,,240.0,269.0,1.0,1.0,,1.0,-29.0,0.0,,0
11,3931,Gemischt - Kreisliga,44,275672,28.02.2026,2026-02-28,10:00,wird gespielt,Gemischt / Kreisliga / 11. Spieltag,KC Rot-Weiß 1902 Bad Liebenwerda II,Gräfendorfer SV 1990 I,0,"Konrad, Ringo","Kunath, Ralf",Gräfendorfer SV 1990 I,KC Rot-Weiß 1902 Bad Liebenwerda II,0,1,153.0,116.0,,,108.0,132.0,,,269.0,240.0,1.0,1.0,1.0,,29.0,0.0,,0
11,3931,Gemischt - Kreisliga,44,275672,28.02.2026,2026-02-28,10:00,wird gespielt,Gemischt / Kreisliga / 11. Spieltag,KC Rot-Weiß 1902 Bad Liebenwerda II,Gräfendorfer SV 1990 I,1,"Klaus, Marcel","Preuß, Michael",KC Rot-Weiß 1902 Bad Liebenwerda II,Gräfendorfer SV 1990 I,1,0,113.0,135.0,,,127.0,132.0,,,248.0,259.0,1.0,1.0,,1.0,-11.0,0.0,,0
11,3931,Gemischt - Kreisliga,44,275672,28.02.2026,2026-02-28,10:00,wird gespielt,Gemischt / Kreisliga / 11. Spieltag,KC Rot-Weiß 1902 Bad Liebenwerda II,Gräfendorfer SV 1990 I,1,"Preuß, Michael","Klaus, Marcel",Gräfendorfer SV 1990 I,KC Rot-Weiß 1902 Bad Liebenwerda II,0,1,127.0,132.0,,,113.0,135.0,,,259.0,248.0,1.0,1.0,1.0,,11.0,0.0,,0
11,3931,Gemischt - Kreisliga,44,275672,28.02.2026,2026-02-28,10:00,wird gespielt,Gemischt / Kreisliga / 11. Spieltag,KC Rot-Weiß 1902 Bad Liebenwerda II,Gräfendorfer SV 1990 I,2,"Kühn, Gerth","Arnold, Oliver",KC Rot-Weiß 1902 Bad Liebenwerda II,Gräfendorfer SV 1990 I,1,0,,,,,,,,,0.0,0.0,,,,,0.0,,,0
11,3931,Gemischt - Kreisliga,44,275672,28.02.2026,2026-02-28,10:00,wird gespielt,Gemischt / Kreisliga / 11. Spieltag,KC Rot-Weiß 1902 Bad Liebenwerda II,Gräfendorfer SV 1990 I,2,"Arnold, Oliver","Kühn, Gerth",Gräfendorfer SV 1990 I,KC Rot-Weiß 1902 Bad Liebenwerda II,0,1,,,,,,,,,0.0,0.0,,,,,0.0,,,0
11,3931,Gemischt - Kreisliga,44,275672,28.02.2026,2026-02-28,10:00,wird gespielt,Gemischt / Kreisliga / 11. Spieltag,KC Rot-Weiß 1902 Bad Liebenwerda II,Gräfendorfer SV 1990 I,3,"Schemmel, Birgit","Nitschke, Wolf-Dieter",KC Rot-Weiß 1902 Bad Liebenwerda II,Gräfendorfer SV 1990 I,1,0,,,,,,,,,0.0,0.0,,,,,0.0,,,0
11,3931,Gemischt - Kreisliga,44,275672,28.02.2026,2026-02-28,10:00,wird gespielt,Gemischt / Kreisliga / 11. Spieltag,KC Rot-Weiß 1902 Bad Liebenwerda II,Gräfendorfer SV 1990 I,3,"Nitschke, Wolf-Dieter","Schemmel, Birgit",Gräfendorfer SV 1990 I,KC Rot-Weiß 1902 Bad Liebenwerda II,0,1,,,,,,,,,0.0,0.0,,,,,0.0,,,0
11,3939,Gemischt - 1. Kreisklasse,44,275723,19.02.2026,2026-02-19,16:30,abnahmebereit,Gemischt / 1. Kreisklasse / 10. Spieltag,TSV Doberlug 1863 I,KSV Germania Lebusa I,0,"Preuß, Kristin","Zingraf, Rico",TSV Doberlug 1863 I,KSV Germania Lebusa I,1,0,143.0,145.0,143.0,112.0,140.0,108.0,,,543.0,248.0,4.0,,1.0,,295.0,,,0
11,3939,Gemischt - 1. Kreisklasse,44,275723,19.02.2026,2026-02-19,16:30,abnahmebereit,Gemischt / 1. Kreisklasse / 10. Spieltag,TSV Doberlug 1863 I,KSV Germania Lebusa I,0,"Zingraf, Rico","Preuß, Kristin",KSV Germania Lebusa I,TSV Doberlug 1863 I,0,1,140.0,108.0,,,143.0,145.0,143.0,112.0,248.0,543.0,,4.0,,1.0,-295.0,,,0
11,3939,Gemischt - 1. Kreisklasse,44,275723,19.02.2026,2026-02-19,16:30,abnahmebereit,Gemischt / 1. Kreisklasse / 10. Spieltag,TSV Doberlug 1863 I,KSV Germania Lebusa I,1,"Scholz, Conrad","Kühne, Christian",TSV Doberlug 1863 I,KSV Germania Lebusa I,1,0,97.0,97.0,,,100.0,94.0,120.0,120.0,194.0,434.0,1.0,3.0,,1.0,-240.0,-2.0,,0
11,3939,Gemischt - 1. Kreisklasse,44,275723,19.02.2026,2026-02-19,16:30,abnahmebereit,Gemischt / 1. Kreisklasse / 10. Spieltag,TSV Doberlug 1863 I,KSV Germania Lebusa I,1,"Kühne, Christian","Scholz, Conrad",KSV Germania Lebusa I,TSV Doberlug 1863 I,0,1,100.0,94.0,120.0,120.0,97.0,97.0,,,434.0,194.0,3.0,1.0,1.0,,240.0,2.0,,0
11,3939,Gemischt - 1. Kreisklasse,44,275723,19.02.2026,2026-02-19,16:30,abnahmebereit,Gemischt / 1. Kreisklasse / 10. Spieltag,TSV Doberlug 1863 I,KSV Germania Lebusa I,2,"Schumacher, Pauline","Jäschke, Marc",TSV Doberlug 1863 I,KSV Germania Lebusa I,1,0,113.0,109.0,139.0,120.0,130.0,134.0,140.0,159.0,481.0,563.0,,4.0,,1.0,-82.0,,,0
11,3939,Gemischt - 1. Kreisklasse,44,275723,19.02.2026,2026-02-19,16:30,abnahmebereit,Gemischt / 1. Kreisklasse / 10. Spieltag,TSV Doberlug 1863 I,KSV Germania Lebusa I,2,"Jäschke, Marc","Schumacher, Pauline",KSV Germania Lebusa I,TSV Doberlug 1863 I,0,1,130.0,134.0,140.0,159.0,113.0,109.0,139.0,120.0,563.0,481.0,4.0,,1.0,,82.0,,,0
11,3939,Gemischt - 1. Kreisklasse,44,275723,19.02.2026,2026-02-19,16:30,abnahmebereit,Gemischt / 1. Kreisklasse / 10. Spieltag,TSV Doberlug 1863 I,KSV Germania Lebusa I,3,"Schumacher, Heike","Schmidt, Danny",TSV Doberlug 1863 I,KSV Germania Lebusa I,1,0,113.0,128.0,,,130.0,129.0,134.0,141.0,241.0,534.0,,4.0,,1.0,-293.0,,,0
11,3939,Gemischt - 1. Kreisklasse,44,275723,19.02.2026,2026-02-19,16:30,abnahmebereit,Gemischt / 1. Kreisklasse / 10. Spieltag,TSV Doberlug 1863 I,KSV Germania Lebusa I,3,"Schmidt, Danny","Schumacher, Heike",KSV Germania Lebusa I,TSV Doberlug 1863 I,0,1,130.0,129.0,134.0,141.0,113.0,128.0,,,534.0,241.0,4.0,,1.0,,293.0,,,0
11,3939,Gemischt - 1. Kreisklasse,44,275721,21.02.2026,2026-02-21,13:00,abnahmebereit,Gemischt / 1. Kreisklasse / 10. Spieltag,Wainsdorfer SV I,SV Preußen Elsterwerda I,0,"Weikert, Uwe","Rose, Riccardo",Wainsdorfer SV I,SV Preußen Elsterwerda I,1,0,139.0,120.0,125.0,130.0,118.0,116.0,136.0,118.0,514.0,488.0,3.0,1.0,1.0,,26.0,2.0,,0
11,3939,Gemischt - 1. Kreisklasse,44,275721,21.02.2026,2026-02-21,13:00,abnahmebereit,Gemischt / 1. Kreisklasse / 10. Spieltag,Wainsdorfer SV I,SV Preußen Elsterwerda I,0,"Rose, Riccardo","Weikert, Uwe",SV Preußen Elsterwerda I,Wainsdorfer SV I,0,1,118.0,116.0,136.0,118.0,139.0,120.0,125.0,130.0,488.0,514.0,1.0,3.0,,1.0,-26.0,-2.0,,0
11,3939,Gemischt - 1. Kreisklasse,44,275721,21.02.2026,2026-02-21,13:00,abnahmebereit,Gemischt / 1. Kreisklasse / 10. Spieltag,Wainsdorfer SV I,SV Preußen Elsterwerda I,1,"Bischoff, Enrico","Dietrich, Hans",Wainsdorfer SV I,SV Preußen Elsterwerda I,1,0,99.0,124.0,139.0,118.0,104.0,,,,480.0,104.0,3.0,1.0,1.0,,376.0,2.0,,0
11,3939,Gemischt - 1. Kreisklasse,44,275721,21.02.2026,2026-02-21,13:00,abnahmebereit,Gemischt / 1. Kreisklasse / 10. Spieltag,Wainsdorfer SV I,SV Preußen Elsterwerda I,1,"Dietrich, Hans","Bischoff, Enrico",SV Preußen Elsterwerda I,Wainsdorfer SV I,0,1,104.0,,,,99.0,124.0,139.0,118.0,104.0,480.0,1.0,3.0,,1.0,-376.0,-2.0,,0
11,3939,Gemischt - 1. Kreisklasse,44,275721,21.02.2026,2026-02-21,13:00,abnahmebereit,Gemischt / 1. Kreisklasse / 10. Spieltag,Wainsdorfer SV I,SV Preußen Elsterwerda I,2,"Berndt, Mirko","Dietrich, Kathleen",Wainsdorfer SV I,SV Preußen Elsterwerda I,1,0,149.0,118.0,118.0,124.0,116.0,123.0,127.0,144.0,509.0,510.0,1.0,3.0,,1.0,-1.0,-2.0,,0
11,3939,Gemischt - 1. Kreisklasse,44,275721,21.02.2026,2026-02-21,13:00,abnahmebereit,Gemischt / 1. Kreisklasse / 10. Spieltag,Wainsdorfer SV I,SV Preußen Elsterwerda I,2,"Dietrich, Kathleen","Berndt, Mirko",SV Preußen Elsterwerda I,Wainsdorfer SV I,0,1,116.0,123.0,127.0,144.0,149.0,118.0,118.0,124.0,510.0,509.0,3.0,1.0,1.0,,1.0,2.0,,0
11,3939,Gemischt - 1. Kreisklasse,44,275721,21.02.2026,2026-02-21,13:00,abnahmebereit,Gemischt / 1. Kreisklasse / 10. Spieltag,Wainsdorfer SV I,SV Preußen Elsterwerda I,3,"Dietrich, Frank","Besser, Bianca",Wainsdorfer SV I,SV Preußen Elsterwerda I,1,0,149.0,132.0,129.0,123.0,116.0,101.0,,,533.0,217.0,3.0,,1.0,,316.0,,,0
11,3939,Gemischt - 1. Kreisklasse,44,275721,21.02.2026,2026-02-21,13:00,abnahmebereit,Gemischt / 1. Kreisklasse / 10. Spieltag,Wainsdorfer SV I,SV Preußen Elsterwerda I,3,"Besser, Bianca","Dietrich, Frank",SV Preußen Elsterwerda I,Wainsdorfer SV I,0,1,116.0,101.0,,,149.0,132.0,129.0,123.0,217.0,533.0,,3.0,,1.0,-316.0,,,0
11,3939,Gemischt - 1. Kreisklasse,44,275724,21.02.2026,2026-02-21,13:00,abnahmebereit,Gemischt / 1. Kreisklasse / 10. Spieltag,SV Diana Haida I,SG Lindena I,0,"Müller, René","Kraus, Sven",SV Diana Haida I,SG Lindena I,1,0,138.0,117.0,134.0,138.0,101.0,124.0,130.0,107.0,527.0,462.0,3.0,1.0,1.0,,65.0,2.0,,0
11,3939,Gemischt - 1. Kreisklasse,44,275724,21.02.2026,2026-02-21,13:00,abnahmebereit,Gemischt / 1. Kreisklasse / 10. Spieltag,SV Diana Haida I,SG Lindena I,0,"Kraus, Sven","Müller, René",SG Lindena I,SV Diana Haida I,0,1,101.0,124.0,130.0,107.0,138.0,117.0,134.0,138.0,462.0,527.0,1.0,3.0,,1.0,-65.0,-2.0,,0
11,3939,Gemischt - 1. Kreisklasse,44,275724,21.02.2026,2026-02-21,13:00,abnahmebereit,Gemischt / 1. Kreisklasse / 10. Spieltag,SV Diana Haida I,SG Lindena I,1,"Tkocz, André","Schmidt, Lukas",SV Diana Haida I,SG Lindena I,1,0,103.0,103.0,,,131.0,126.0,116.0,121.0,206.0,494.0,,3.0,,1.0,-288.0,,,0
11,3939,Gemischt - 1. Kreisklasse,44,275724,21.02.2026,2026-02-21,13:00,abnahmebereit,Gemischt / 1. Kreisklasse / 10. Spieltag,SV Diana Haida I,SG Lindena I,1,"Schmidt, Lukas","Tkocz, André",SG Lindena I,SV Diana Haida I,0,1,131.0,126.0,116.0,121.0,103.0,103.0,,,494.0,206.0,3.0,,1.0,,288.0,,,0
11,3939,Gemischt - 1. Kreisklasse,44,275724,21.02.2026,2026-02-21,13:00,abnahmebereit,Gemischt / 1. Kreisklasse / 10. Spieltag,SV Diana Haida I,SG Lindena I,2,"Lehmann, Florian","Brauer, Sascha",SV Diana Haida I,SG Lindena I,1,0,127.0,131.0,127.0,136.0,132.0,160.0,140.0,145.0,521.0,577.0,,4.0,,1.0,-56.0,,,0
11,3939,Gemischt - 1. Kreisklasse,44,275724,21.02.2026,2026-02-21,13:00,abnahmebereit,Gemischt / 1. Kreisklasse / 10. Spieltag,SV Diana Haida I,SG Lindena I,2,"Brauer, Sascha","Lehmann, Florian",SG Lindena I,SV Diana Haida I,0,1,132.0,160.0,140.0,145.0,127.0,131.0,127.0,136.0,577.0,521.0,4.0,,1.0,,56.0,,,0
11,3939,Gemischt - 1. Kreisklasse,44,275724,21.02.2026,2026-02-21,13:00,abnahmebereit,Gemischt / 1. Kreisklasse / 10. Spieltag,SV Diana Haida I,SG Lindena I,3,"Donath, Sven","Ehrich, Christoph",SV Diana Haida I,SG Lindena I,1,0,159.0,158.0,140.0,161.0,142.0,134.0,136.0,155.0,618.0,567.0,4.0,,1.0,,51.0,,,0
11,3939,Gemischt - 1. Kreisklasse,44,275724,21.02.2026,2026-02-21,13:00,abnahmebereit,Gemischt / 1. Kreisklasse / 10. Spieltag,SV Diana Haida I,SG Lindena I,3,"Ehrich, Christoph","Donath, Sven",SG Lindena I,SV Diana Haida I,0,1,142.0,134.0,136.0,155.0,159.0,158.0,140.0,161.0,567.0,618.0,,4.0,,1.0,-51.0,,,0
11,3940,Gemischt - 2. Kreisklasse Staffel 1,44,275763,28.02.2026,2026-02-28,09:00,wird gespielt,Gemischt / 2. Kreisklasse Staffel 1 / 8. Spieltag,SK Finsterwalde II,SG Röder 20 Saathain I,0,"Lerner, Maik","Ulbricht, Paul",SK Finsterwalde II,SG Röder 20 Saathain I,1,0,96.0,113.0,98.0,115.0,111.0,88.0,115.0,103.0,422.0,417.0,2.0,2.0,1.0,,5.0,0.0,,0
11,3940,Gemischt - 2. Kreisklasse Staffel 1,44,275763,28.02.2026,2026-02-28,09:00,wird gespielt,Gemischt / 2. Kreisklasse Staffel 1 / 8. Spieltag,SK Finsterwalde II,SG Röder 20 Saathain I,0,"Ulbricht, Paul","Lerner, Maik",SG Röder 20 Saathain I,SK Finsterwalde II,0,1,111.0,88.0,115.0,103.0,96.0,113.0,98.0,115.0,417.0,422.0,2.0,2.0,,1.0,-5.0,0.0,,0
11,3940,Gemischt - 2. Kreisklasse Staffel 1,44,275763,28.02.2026,2026-02-28,09:00,wird gespielt,Gemischt / 2. Kreisklasse Staffel 1 / 8. Spieltag,SK Finsterwalde II,SG Röder 20 Saathain I,1,"Lüthen, Leo","Wissel, Wolfgang",SK Finsterwalde II,SG Röder 20 Saathain I,1,0,107.0,92.0,98.0,92.0,111.0,91.0,120.0,96.0,389.0,418.0,1.0,3.0,,1.0,-29.0,-2.0,,0
11,3940,Gemischt - 2. Kreisklasse Staffel 1,44,275763,28.02.2026,2026-02-28,09:00,wird gespielt,Gemischt / 2. Kreisklasse Staffel 1 / 8. Spieltag,SK Finsterwalde II,SG Röder 20 Saathain I,1,"Wissel, Wolfgang","Lüthen, Leo",SG Röder 20 Saathain I,SK Finsterwalde II,0,1,111.0,91.0,120.0,96.0,107.0,92.0,98.0,92.0,418.0,389.0,3.0,1.0,1.0,,29.0,2.0,,0
11,3940,Gemischt - 2. Kreisklasse Staffel 1,44,275763,28.02.2026,2026-02-28,09:00,wird gespielt,Gemischt / 2. Kreisklasse Staffel 1 / 8. Spieltag,SK Finsterwalde II,SG Röder 20 Saathain I,2,"Feller, Marcel","Semmisch, Norman",SK Finsterwalde II,SG Röder 20 Saathain I,1,0,,,,,,,,,0.0,0.0,,,,,0.0,,,0
11,3940,Gemischt - 2. Kreisklasse Staffel 1,44,275763,28.02.2026,2026-02-28,09:00,wird gespielt,Gemischt / 2. Kreisklasse Staffel 1 / 8. Spieltag,SK Finsterwalde II,SG Röder 20 Saathain I,2,"Semmisch, Norman","Feller, Marcel",SG Röder 20 Saathain I,SK Finsterwalde II,0,1,,,,,,,,,0.0,0.0,,,,,0.0,,,0
11,3940,Gemischt - 2. Kreisklasse Staffel 1,44,275763,28.02.2026,2026-02-28,09:00,wird gespielt,Gemischt / 2. Kreisklasse Staffel 1 / 8. Spieltag,SK Finsterwalde II,SG Röder 20 Saathain I,3,"Martin, Steffen","Schiffner, Dirk",SK Finsterwalde II,SG Röder 20 Saathain I,1,0,,,,,,,,,0.0,0.0,,,,,0.0,,,0
11,3940,Gemischt - 2. Kreisklasse Staffel 1,44,275763,28.02.2026,2026-02-28,09:00,wird gespielt,Gemischt / 2. Kreisklasse Staffel 1 / 8. Spieltag,SK Finsterwalde II,SG Röder 20 Saathain I,3,"Schiffner, Dirk","Martin, Steffen",SG Röder 20 Saathain I,SK Finsterwalde II,0,1,,,,,,,,,0.0,0.0,,,,,0.0,,,0
11,3997,Gemischt - Kreisliga,46,314791,20.02.2026,2026-02-20,17:30,beendet,Gemischt / Kreisliga / 11. Spieltag,TSG Tettau II,SV Arnsdorf II,0,"König, Franz","Amende, Franz Xaver",TSG Tettau II,SV Arnsdorf II,1,0,129.0,147.0,122.0,142.0,119.0,127.0,111.0,128.0,540.0,485.0,4.0,,1.0,,55.0,,,0
11,3997,Gemischt - Kreisliga,46,314791,20.02.2026,2026-02-20,17:30,beendet,Gemischt / Kreisliga / 11. Spieltag,TSG Tettau II,SV Arnsdorf II,0,"Amende, Franz Xaver","König, Franz",SV Arnsdorf II,TSG Tettau II,0,1,119.0,127.0,111.0,128.0,129.0,147.0,122.0,142.0,485.0,540.0,,4.0,,1.0,-55.0,,,0
11,3997,Gemischt - Kreisliga,46,314791,20.02.2026,2026-02-20,17:30,beendet,Gemischt / Kreisliga / 11. Spieltag,TSG Tettau II,SV Arnsdorf II,1,"Erdmann, René","Füssel, Thomas",TSG Tettau II,SV Arnsdorf II,1,0,137.0,130.0,159.0,135.0,122.0,111.0,105.0,98.0,561.0,436.0,4.0,,1.0,,125.0,,,0
11,3997,Gemischt - Kreisliga,46,314791,20.02.2026,2026-02-20,17:30,beendet,Gemischt / Kreisliga / 11. Spieltag,TSG Tettau II,SV Arnsdorf II,1,"Füssel, Thomas","Erdmann, René",SV Arnsdorf II,TSG Tettau II,0,1,122.0,111.0,105.0,98.0,137.0,130.0,159.0,135.0,436.0,561.0,,4.0,,1.0,-125.0,,,0
11,3997,Gemischt - Kreisliga,46,314791,20.02.2026,2026-02-20,17:30,beendet,Gemischt / Kreisliga / 11. Spieltag,TSG Tettau II,SV Arnsdorf II,2,"Lesche, Christine","Tischer, Roland",TSG Tettau II,SV Arnsdorf II,1,0,146.0,144.0,122.0,139.0,119.0,117.0,124.0,120.0,551.0,480.0,3.0,1.0,1.0,,71.0,2.0,,0
11,3997,Gemischt - Kreisliga,46,314791,20.02.2026,2026-02-20,17:30,beendet,Gemischt / Kreisliga / 11. Spieltag,TSG Tettau II,SV Arnsdorf II,2,"Tischer, Roland","Lesche, Christine",SV Arnsdorf II,TSG Tettau II,0,1,119.0,117.0,124.0,120.0,146.0,144.0,122.0,139.0,480.0,551.0,1.0,3.0,,1.0,-71.0,-2.0,,0
11,3997,Gemischt - Kreisliga,46,314791,20.02.2026,2026-02-20,17:30,beendet,Gemischt / Kreisliga / 11. Spieltag,TSG Tettau II,SV Arnsdorf II,3,"Klauber, Steffen","Ulke, Sven",TSG Tettau II,SV Arnsdorf II,1,0,132.0,142.0,118.0,128.0,126.0,121.0,122.0,108.0,520.0,477.0,3.0,1.0,1.0,,43.0,2.0,,0
11,3997,Gemischt - Kreisliga,46,314791,20.02.2026,2026-02-20,17:30,beendet,Gemischt / Kreisliga / 11. Spieltag,TSG Tettau II,SV Arnsdorf II,3,"Ulke, Sven","Klauber, Steffen",SV Arnsdorf II,TSG Tettau II,0,1,126.0,121.0,122.0,108.0,132.0,142.0,118.0,128.0,477.0,520.0,1.0,3.0,,1.0,-43.0,-2.0,,0
11,3997,Gemischt - Kreisliga,46,314792,21.02.2026,2026-02-21,14:00,beendet,Gemischt / Kreisliga / 11. Spieltag,TSG Tettau I,SV Blau-Weiß Lindenau I,0,"Hotho, Thorsten","Lode, Michael",TSG Tettau I,SV Blau-Weiß Lindenau I,1,0,136.0,126.0,135.0,150.0,122.0,107.0,115.0,124.0,547.0,468.0,4.0,,1.0,,79.0,,,0
11,3997,Gemischt - Kreisliga,46,314792,21.02.2026,2026-02-21,14:00,beendet,Gemischt / Kreisliga / 11. Spieltag,TSG Tettau I,SV Blau-Weiß Lindenau I,0,"Lode, Michael","Hotho, Thorsten",SV Blau-Weiß Lindenau I,TSG Tettau I,0,1,122.0,107.0,115.0,124.0,136.0,126.0,135.0,150.0,468.0,547.0,,4.0,,1.0,-79.0,,,0
11,3997,Gemischt - Kreisliga,46,314792,21.02.2026,2026-02-21,14:00,beendet,Gemischt / Kreisliga / 11. Spieltag,TSG Tettau I,SV Blau-Weiß Lindenau I,1,"Diener, Matthias","Schöne , Anja",TSG Tettau I,SV Blau-Weiß Lindenau I,1,0,147.0,118.0,132.0,136.0,141.0,103.0,136.0,115.0,533.0,495.0,3.0,1.0,1.0,,38.0,2.0,,0
11,3997,Gemischt - Kreisliga,46,314792,21.02.2026,2026-02-21,14:00,beendet,Gemischt / Kreisliga / 11. Spieltag,TSG Tettau I,SV Blau-Weiß Lindenau I,1,"Schöne , Anja","Diener, Matthias",SV Blau-Weiß Lindenau I,TSG Tettau I,0,1,141.0,103.0,136.0,115.0,147.0,118.0,132.0,136.0,495.0,533.0,1.0,3.0,,1.0,-38.0,-2.0,,0
11,3997,Gemischt - Kreisliga,46,314792,21.02.2026,2026-02-21,14:00,beendet,Gemischt / Kreisliga / 11. Spieltag,TSG Tettau I,SV Blau-Weiß Lindenau I,2,"Noack, Rainer","Gerlach, Sebastian",TSG Tettau I,SV Blau-Weiß Lindenau I,1,0,136.0,138.0,115.0,,121.0,121.0,130.0,101.0,389.0,473.0,2.0,1.0,,,-84.0,1.0,,0
11,3997,Gemischt - Kreisliga,46,314792,21.02.2026,2026-02-21,14:00,beendet,Gemischt / Kreisliga / 11. Spieltag,TSG Tettau I,SV Blau-Weiß Lindenau I,2,"Gerlach, Sebastian","Noack, Rainer",SV Blau-Weiß Lindenau I,TSG Tettau I,0,1,121.0,121.0,130.0,101.0,136.0,138.0,115.0,,473.0,389.0,1.0,2.0,,,84.0,-1.0,,0
11,3997,Gemischt - Kreisliga,46,314792,21.02.2026,2026-02-21,14:00,beendet,Gemischt / Kreisliga / 11. Spieltag,TSG Tettau I,SV Blau-Weiß Lindenau I,3,"Lesche, Guido","Zimmerhackel, Daniel",TSG Tettau I,SV Blau-Weiß Lindenau I,1,0,175.0,154.0,148.0,157.0,108.0,141.0,125.0,130.0,634.0,504.0,4.0,,1.0,,130.0,,,0
11,3997,Gemischt - Kreisliga,46,314792,21.02.2026,2026-02-21,14:00,beendet,Gemischt / Kreisliga / 11. Spieltag,TSG Tettau I,SV Blau-Weiß Lindenau I,3,"Zimmerhackel, Daniel","Lesche, Guido",SV Blau-Weiß Lindenau I,TSG Tettau I,0,1,108.0,141.0,125.0,130.0,175.0,154.0,148.0,157.0,504.0,634.0,,4.0,,1.0,-130.0,,,0
11,3997,Gemischt - Kreisliga,46,314793,21.02.2026,2026-02-21,14:00,beendet,Gemischt / Kreisliga / 11. Spieltag,SV Aufbau Großkmehlen I,SG Frauendorf 1921 II,0,"Götze, Remo","Petzold, Holger",SV Aufbau Großkmehlen I,SG Frauendorf 1921 II,1,0,123.0,138.0,163.0,128.0,122.0,132.0,132.0,122.0,552.0,508.0,4.0,,1.0,,44.0,,,0
11,3997,Gemischt - Kreisliga,46,314793,21.02.2026,2026-02-21,14:00,beendet,Gemischt / Kreisliga / 11. Spieltag,SV Aufbau Großkmehlen I,SG Frauendorf 1921 II,0,"Petzold, Holger","Götze, Remo",SG Frauendorf 1921 II,SV Aufbau Großkmehlen I,0,1,122.0,132.0,132.0,122.0,123.0,138.0,163.0,128.0,508.0,552.0,,4.0,,1.0,-44.0,,,0
11,3997,Gemischt - Kreisliga,46,314793,21.02.2026,2026-02-21,14:00,beendet,Gemischt / Kreisliga / 11. Spieltag,SV Aufbau Großkmehlen I,SG Frauendorf 1921 II,1,"Nicklisch, Frank","Diener, Gerd",SV Aufbau Großkmehlen I,SG Frauendorf 1921 II,1,0,121.0,134.0,130.0,138.0,130.0,137.0,131.0,156.0,523.0,554.0,,4.0,,1.0,-31.0,,,0
11,3997,Gemischt - Kreisliga,46,314793,21.02.2026,2026-02-21,14:00,beendet,Gemischt / Kreisliga / 11. Spieltag,SV Aufbau Großkmehlen I,SG Frauendorf 1921 II,1,"Diener, Gerd","Nicklisch, Frank",SG Frauendorf 1921 II,SV Aufbau Großkmehlen I,0,1,130.0,137.0,131.0,156.0,121.0,134.0,130.0,138.0,554.0,523.0,4.0,,1.0,,31.0,,,0
11,3997,Gemischt - Kreisliga,46,314793,21.02.2026,2026-02-21,14:00,beendet,Gemischt / Kreisliga / 11. Spieltag,SV Aufbau Großkmehlen I,SG Frauendorf 1921 II,2,"Paulig, Maik","Ort, Rolf",SV Aufbau Großkmehlen I,SG Frauendorf 1921 II,1,0,105.0,117.0,114.0,114.0,123.0,120.0,120.0,135.0,450.0,498.0,,4.0,,1.0,-48.0,,,0
11,3997,Gemischt - Kreisliga,46,314793,21.02.2026,2026-02-21,14:00,beendet,Gemischt / Kreisliga / 11. Spieltag,SV Aufbau Großkmehlen I,SG Frauendorf 1921 II,2,"Ort, Rolf","Paulig, Maik",SG Frauendorf 1921 II,SV Aufbau Großkmehlen I,0,1,123.0,120.0,120.0,135.0,105.0,117.0,114.0,114.0,498.0,450.0,4.0,,1.0,,48.0,,,0
11,3997,Gemischt - Kreisliga,46,314793,21.02.2026,2026-02-21,14:00,beendet,Gemischt / Kreisliga / 11. Spieltag,SV Aufbau Großkmehlen I,SG Frauendorf 1921 II,3,"Trobisch, Rainer","Exner, Karsten",SV Aufbau Großkmehlen I,SG Frauendorf 1921 II,1,0,123.0,130.0,121.0,98.0,125.0,137.0,126.0,129.0,472.0,517.0,,4.0,,1.0,-45.0,,,0
11,3997,Gemischt - Kreisliga,46,314793,21.02.2026,2026-02-21,14:00,beendet,Gemischt / Kreisliga / 11. Spieltag,SV Aufbau Großkmehlen I,SG Frauendorf 1921 II,3,"Exner, Karsten","Trobisch, Rainer",SG Frauendorf 1921 II,SV Aufbau Großkmehlen I,0,1,125.0,137.0,126.0,129.0,123.0,130.0,121.0,98.0,517.0,472.0,4.0,,1.0,,45.0,,,0
11,3997,Gemischt - Kreisliga,46,314794,22.02.2026,2026-02-22,14:00,beendet,Gemischt / Kreisliga / 11. Spieltag,Hohenbockaer SV GG 1923 II,KV Lauchhammer III,0,"Herzog, Eric","Greese, Adrian",Hohenbockaer SV GG 1923 II,KV Lauchhammer III,1,0,119.0,138.0,144.0,104.0,119.0,140.0,140.0,142.0,505.0,541.0,1.5,2.5,,1.0,-36.0,-1.0,,0
11,3997,Gemischt - Kreisliga,46,314794,22.02.2026,2026-02-22,14:00,beendet,Gemischt / Kreisliga / 11. Spieltag,Hohenbockaer SV GG 1923 II,KV Lauchhammer III,0,"Greese, Adrian","Herzog, Eric",KV Lauchhammer III,Hohenbockaer SV GG 1923 II,0,1,119.0,140.0,140.0,142.0,119.0,138.0,144.0,104.0,541.0,505.0,2.5,1.5,1.0,,36.0,1.0,,0
11,3997,Gemischt - Kreisliga,46,314794,22.02.2026,2026-02-22,14:00,beendet,Gemischt / Kreisliga / 11. Spieltag,Hohenbockaer SV GG 1923 II,KV Lauchhammer III,1,"Schulze, Tim","Manig, Matthias",Hohenbockaer SV GG 1923 II,KV Lauchhammer III,1,0,139.0,160.0,165.0,137.0,156.0,134.0,132.0,138.0,601.0,560.0,2.0,2.0,1.0,,41.0,0.0,,0
11,3997,Gemischt - Kreisliga,46,314794,22.02.2026,2026-02-22,14:00,beendet,Gemischt / Kreisliga / 11. Spieltag,Hohenbockaer SV GG 1923 II,KV Lauchhammer III,1,"Manig, Matthias","Schulze, Tim",KV Lauchhammer III,Hohenbockaer SV GG 1923 II,0,1,156.0,134.0,132.0,138.0,139.0,160.0,165.0,137.0,560.0,601.0,2.0,2.0,,1.0,-41.0,0.0,,0
11,3997,Gemischt - Kreisliga,46,314794,22.02.2026,2026-02-22,14:00,beendet,Gemischt / Kreisliga / 11. Spieltag,Hohenbockaer SV GG 1923 II,KV Lauchhammer III,2,"Wukasch, Steffen","Richter, Stefan",Hohenbockaer SV GG 1923 II,KV Lauchhammer III,1,0,119.0,143.0,122.0,121.0,146.0,139.0,150.0,153.0,505.0,588.0,1.0,3.0,,1.0,-83.0,-2.0,,0
11,3997,Gemischt - Kreisliga,46,314794,22.02.2026,2026-02-22,14:00,beendet,Gemischt / Kreisliga / 11. Spieltag,Hohenbockaer SV GG 1923 II,KV Lauchhammer III,2,"Richter, Stefan","Wukasch, Steffen",KV Lauchhammer III,Hohenbockaer SV GG 1923 II,0,1,146.0,139.0,150.0,153.0,119.0,143.0,122.0,121.0,588.0,505.0,3.0,1.0,1.0,,83.0,2.0,,0
11,3997,Gemischt - Kreisliga,46,314794,22.02.2026,2026-02-22,14:00,beendet,Gemischt / Kreisliga / 11. Spieltag,Hohenbockaer SV GG 1923 II,KV Lauchhammer III,3,"Proske, Giesbert","Krampe, Toralf",Hohenbockaer SV GG 1923 II,KV Lauchhammer III,1,0,141.0,158.0,172.0,136.0,128.0,120.0,,,607.0,248.0,4.0,,1.0,,359.0,,,0
11,3997,Gemischt - Kreisliga,46,314794,22.02.2026,2026-02-22,14:00,beendet,Gemischt / Kreisliga / 11. Spieltag,Hohenbockaer SV GG 1923 II,KV Lauchhammer III,3,"Krampe, Toralf","Proske, Giesbert",KV Lauchhammer III,Hohenbockaer SV GG 1923 II,0,1,128.0,120.0,,,141.0,158.0,172.0,136.0,248.0,607.0,,4.0,,1.0,-359.0,,,0
11,3998,Gemischt - 1. Kreisklasse,46,314868,28.02.2026,2026-02-28,09:30,wird gespielt,Gemischt / 1. Kreisklasse / 14. Spieltag,KV Lauchhammer IV,SV Aufbau Großkmehlen II,0,"Kirchhöfer, Bernd","Noack, Riccardo",KV Lauchhammer IV,SV Aufbau Großkmehlen II,1,0,136.0,99.0,128.0,119.0,118.0,153.0,138.0,130.0,482.0,539.0,1.0,3.0,,1.0,-57.0,-2.0,,0
11,3998,Gemischt - 1. Kreisklasse,46,314868,28.02.2026,2026-02-28,09:30,wird gespielt,Gemischt / 1. Kreisklasse / 14. Spieltag,KV Lauchhammer IV,SV Aufbau Großkmehlen II,0,"Noack, Riccardo","Kirchhöfer, Bernd",SV Aufbau Großkmehlen II,KV Lauchhammer IV,0,1,118.0,153.0,138.0,130.0,136.0,99.0,128.0,119.0,539.0,482.0,3.0,1.0,1.0,,57.0,2.0,,0
11,3998,Gemischt - 1. Kreisklasse,46,314868,28.02.2026,2026-02-28,09:30,wird gespielt,Gemischt / 1. Kreisklasse / 14. Spieltag,KV Lauchhammer IV,SV Aufbau Großkmehlen II,1,"Hübner, Uwe","Raack, Michael",KV Lauchhammer IV,SV Aufbau Großkmehlen II,1,0,152.0,138.0,148.0,124.0,116.0,139.0,126.0,111.0,562.0,492.0,3.0,1.0,1.0,,70.0,2.0,,0
11,3998,Gemischt - 1. Kreisklasse,46,314868,28.02.2026,2026-02-28,09:30,wird gespielt,Gemischt / 1. Kreisklasse / 14. Spieltag,KV Lauchhammer IV,SV Aufbau Großkmehlen II,1,"Raack, Michael","Hübner, Uwe",SV Aufbau Großkmehlen II,KV Lauchhammer IV,0,1,116.0,139.0,126.0,111.0,152.0,138.0,148.0,124.0,492.0,562.0,1.0,3.0,,1.0,-70.0,-2.0,,0
11,3998,Gemischt - 1. Kreisklasse,46,314868,28.02.2026,2026-02-28,09:30,wird gespielt,Gemischt / 1. Kreisklasse / 14. Spieltag,KV Lauchhammer IV,SV Aufbau Großkmehlen II,2,"Krumpfe, Andreas","Müller, Siegfried",KV Lauchhammer IV,SV Aufbau Großkmehlen II,1,0,,,,,,,,,0.0,0.0,,,,,0.0,,,0
11,3998,Gemischt - 1. Kreisklasse,46,314868,28.02.2026,2026-02-28,09:30,wird gespielt,Gemischt / 1. Kreisklasse / 14. Spieltag,KV Lauchhammer IV,SV Aufbau Großkmehlen II,2,"Müller, Siegfried","Krumpfe, Andreas",SV Aufbau Großkmehlen II,KV Lauchhammer IV,0,1,,,,,,,,,0.0,0.0,,,,,0.0,,,0
11,3998,Gemischt - 1. Kreisklasse,46,314868,28.02.2026,2026-02-28,09:30,wird gespielt,Gemischt / 1. Kreisklasse / 14. Spieltag,KV Lauchhammer IV,SV Aufbau Großkmehlen II,3,"Sauer, Sven","Lebach , Marko",KV Lauchhammer IV,SV Aufbau Großkmehlen II,1,0,,,,,,,,,0.0,0.0,,,,,0.0,,,0
11,3998,Gemischt - 1. Kreisklasse,46,314868,28.02.2026,2026-02-28,09:30,wird gespielt,Gemischt / 1. Kreisklasse / 14. Spieltag,KV Lauchhammer IV,SV Aufbau Großkmehlen II,3,"Lebach , Marko","Sauer, Sven",SV Aufbau Großkmehlen II,KV Lauchhammer IV,0,1,,,,,,,,,0.0,0.0,,,,,0.0,,,0
11,4018,Gemischt - Kreisliga,45,313504,23.02.2026,2026-02-23,17:30,beendet,Gemischt / Kreisliga / 12. Spieltag,KV Gut Holz 1974 Wriezen Mix I,SG Zechin Mix II,0,"Topka, Jonas","Schneider, Dietmar",KV Gut Holz 1974 Wriezen Mix I,SG Zechin Mix II,1,0,116.0,105.0,120.0,107.0,122.0,122.0,110.0,116.0,448.0,470.0,1.0,3.0,,1.0,-22.0,-2.0,,0
11,4018,Gemischt - Kreisliga,45,313504,23.02.2026,2026-02-23,17:30,beendet,Gemischt / Kreisliga / 12. Spieltag,KV Gut Holz 1974 Wriezen Mix I,SG Zechin Mix II,0,"Schneider, Dietmar","Topka, Jonas",SG Zechin Mix II,KV Gut Holz 1974 Wriezen Mix I,0,1,122.0,122.0,110.0,116.0,116.0,105.0,120.0,107.0,470.0,448.0,3.0,1.0,1.0,,22.0,2.0,,0
11,4018,Gemischt - Kreisliga,45,313504,23.02.2026,2026-02-23,17:30,beendet,Gemischt / Kreisliga / 12. Spieltag,KV Gut Holz 1974 Wriezen Mix I,SG Zechin Mix II,1,"Möller, Frank","Wolter, Günter",KV Gut Holz 1974 Wriezen Mix I,SG Zechin Mix II,1,0,135.0,142.0,121.0,124.0,114.0,114.0,108.0,119.0,522.0,455.0,4.0,,1.0,,67.0,,,0
11,4018,Gemischt - Kreisliga,45,313504,23.02.2026,2026-02-23,17:30,beendet,Gemischt / Kreisliga / 12. Spieltag,KV Gut Holz 1974 Wriezen Mix I,SG Zechin Mix II,1,"Wolter, Günter","Möller, Frank",SG Zechin Mix II,KV Gut Holz 1974 Wriezen Mix I,0,1,114.0,114.0,108.0,119.0,135.0,142.0,121.0,124.0,455.0,522.0,,4.0,,1.0,-67.0,,,0
11,4018,Gemischt - Kreisliga,45,313504,23.02.2026,2026-02-23,17:30,beendet,Gemischt / Kreisliga / 12. Spieltag,KV Gut Holz 1974 Wriezen Mix I,SG Zechin Mix II,2,"Schäfer, Jens","West, Detlef",KV Gut Holz 1974 Wriezen Mix I,SG Zechin Mix II,1,0,122.0,117.0,117.0,124.0,128.0,123.0,137.0,124.0,480.0,512.0,0.5,3.5,,1.0,-32.0,-3.0,,0
11,4018,Gemischt - Kreisliga,45,313504,23.02.2026,2026-02-23,17:30,beendet,Gemischt / Kreisliga / 12. Spieltag,KV Gut Holz 1974 Wriezen Mix I,SG Zechin Mix II,2,"West, Detlef","Schäfer, Jens",SG Zechin Mix II,KV Gut Holz 1974 Wriezen Mix I,0,1,128.0,123.0,137.0,124.0,122.0,117.0,117.0,124.0,512.0,480.0,3.5,0.5,1.0,,32.0,3.0,,0
11,4018,Gemischt - Kreisliga,45,313504,23.02.2026,2026-02-23,17:30,beendet,Gemischt / Kreisliga / 12. Spieltag,KV Gut Holz 1974 Wriezen Mix I,SG Zechin Mix II,3,"Winter, Burkhard","Finsel, Kersten",KV Gut Holz 1974 Wriezen Mix I,SG Zechin Mix II,1,0,138.0,118.0,125.0,108.0,121.0,134.0,106.0,119.0,489.0,480.0,2.0,2.0,1.0,,9.0,0.0,,0
11,4018,Gemischt - Kreisliga,45,313504,23.02.2026,2026-02-23,17:30,beendet,Gemischt / Kreisliga / 12. Spieltag,KV Gut Holz 1974 Wriezen Mix I,SG Zechin Mix II,3,"Finsel, Kersten","Winter, Burkhard",SG Zechin Mix II,KV Gut Holz 1974 Wriezen Mix I,0,1,121.0,134.0,106.0,119.0,138.0,118.0,125.0,108.0,480.0,489.0,2.0,2.0,,1.0,-9.0,0.0,,0
11,4019,Gemischt - 1. Kreisklasse,45,293275,24.02.2026,2026-02-24,19:00,beendet,Gemischt / 1. Kreisklasse / 8. Spieltag,SG Zechin Mix V,1. KSC 1959 Seelow Mix II,0,"Czerny, Anja","Gerhardt, Jennifer",SG Zechin Mix V,1. KSC 1959 Seelow Mix II,1,0,113.0,129.0,114.0,109.0,107.0,126.0,128.0,140.0,465.0,501.0,2.0,2.0,,1.0,-36.0,0.0,,0
11,4019,Gemischt - 1. Kreisklasse,45,293275,24.02.2026,2026-02-24,19:00,beendet,Gemischt / 1. Kreisklasse / 8. Spieltag,SG Zechin Mix V,1. KSC 1959 Seelow Mix II,0,"Gerhardt, Jennifer","Czerny, Anja",1. KSC 1959 Seelow Mix II,SG Zechin Mix V,0,1,107.0,126.0,128.0,140.0,113.0,129.0,114.0,109.0,501.0,465.0,2.0,2.0,1.0,,36.0,0.0,,0
11,4019,Gemischt - 1. Kreisklasse,45,293275,24.02.2026,2026-02-24,19:00,beendet,Gemischt / 1. Kreisklasse / 8. Spieltag,SG Zechin Mix V,1. KSC 1959 Seelow Mix II,1,"Denecke, Christoph","Maudrich, Gerhild",SG Zechin Mix V,1. KSC 1959 Seelow Mix II,1,0,145.0,136.0,136.0,138.0,119.0,110.0,127.0,123.0,555.0,479.0,4.0,,1.0,,76.0,,,0
11,4019,Gemischt - 1. Kreisklasse,45,293275,24.02.2026,2026-02-24,19:00,beendet,Gemischt / 1. Kreisklasse / 8. Spieltag,SG Zechin Mix V,1. KSC 1959 Seelow Mix II,1,"Maudrich, Gerhild","Denecke, Christoph",1. KSC 1959 Seelow Mix II,SG Zechin Mix V,0,1,119.0,110.0,127.0,123.0,145.0,136.0,136.0,138.0,479.0,555.0,,4.0,,1.0,-76.0,,,0
11,4019,Gemischt - 1. Kreisklasse,45,293275,24.02.2026,2026-02-24,19:00,beendet,Gemischt / 1. Kreisklasse / 8. Spieltag,SG Zechin Mix V,1. KSC 1959 Seelow Mix II,2,"Specht, Dana","Schulze, Lothar",SG Zechin Mix V,1. KSC 1959 Seelow Mix II,1,0,144.0,135.0,144.0,111.0,129.0,126.0,103.0,136.0,534.0,494.0,3.0,1.0,1.0,,40.0,2.0,,0
11,4019,Gemischt - 1. Kreisklasse,45,293275,24.02.2026,2026-02-24,19:00,beendet,Gemischt / 1. Kreisklasse / 8. Spieltag,SG Zechin Mix V,1. KSC 1959 Seelow Mix II,2,"Schulze, Lothar","Specht, Dana",1. KSC 1959 Seelow Mix II,SG Zechin Mix V,0,1,129.0,126.0,103.0,136.0,144.0,135.0,144.0,111.0,494.0,534.0,1.0,3.0,,1.0,-40.0,-2.0,,0
11,4019,Gemischt - 1. Kreisklasse,45,293275,24.02.2026,2026-02-24,19:00,beendet,Gemischt / 1. Kreisklasse / 8. Spieltag,SG Zechin Mix V,1. KSC 1959 Seelow Mix II,3,"Finsel, Karin","Pagel, Mario",SG Zechin Mix V,1. KSC 1959 Seelow Mix II,1,0,120.0,152.0,141.0,129.0,138.0,123.0,132.0,145.0,542.0,538.0,2.0,2.0,1.0,,4.0,0.0,,0
11,4019,Gemischt - 1. Kreisklasse,45,293275,24.02.2026,2026-02-24,19:00,beendet,Gemischt / 1. Kreisklasse / 8. Spieltag,SG Zechin Mix V,1. KSC 1959 Seelow Mix II,3,"Pagel, Mario","Finsel, Karin",1. KSC 1959 Seelow Mix II,SG Zechin Mix V,0,1,138.0,123.0,132.0,145.0,120.0,152.0,141.0,129.0,538.0,542.0,2.0,2.0,,1.0,-4.0,0.0,,0
11,4019,Gemischt - 1. Kreisklasse,45,293273,28.02.2026,2026-02-28,10:00,wird gespielt,Gemischt / 1. Kreisklasse / 8. Spieltag,SSV PCK 90 Schwedt Mix II,SG Zechin Mix IV,0,"Wöhlk, Astrid","Hartinger, Manuela",SSV PCK 90 Schwedt Mix II,SG Zechin Mix IV,1,0,95.0,132.0,122.0,7.0,114.0,113.0,142.0,11.0,356.0,380.0,1.0,3.0,,1.0,-24.0,-2.0,,0
11,4019,Gemischt - 1. Kreisklasse,45,293273,28.02.2026,2026-02-28,10:00,wird gespielt,Gemischt / 1. Kreisklasse / 8. Spieltag,SSV PCK 90 Schwedt Mix II,SG Zechin Mix IV,0,"Hartinger, Manuela","Wöhlk, Astrid",SG Zechin Mix IV,SSV PCK 90 Schwedt Mix II,0,1,114.0,113.0,142.0,11.0,95.0,132.0,122.0,7.0,380.0,356.0,3.0,1.0,1.0,,24.0,2.0,,0
11,4019,Gemischt - 1. Kreisklasse,45,293273,28.02.2026,2026-02-28,10:00,wird gespielt,Gemischt / 1. Kreisklasse / 8. Spieltag,SSV PCK 90 Schwedt Mix II,SG Zechin Mix IV,1,"Eilrich, Arnim","Schunack, Monique",SSV PCK 90 Schwedt Mix II,SG Zechin Mix IV,1,0,124.0,129.0,119.0,5.0,125.0,127.0,109.0,4.0,377.0,365.0,3.0,1.0,1.0,,12.0,2.0,,0
11,4019,Gemischt - 1. Kreisklasse,45,293273,28.02.2026,2026-02-28,10:00,wird gespielt,Gemischt / 1. Kreisklasse / 8. Spieltag,SSV PCK 90 Schwedt Mix II,SG Zechin Mix IV,1,"Schunack, Monique","Eilrich, Arnim",SG Zechin Mix IV,SSV PCK 90 Schwedt Mix II,0,1,125.0,127.0,109.0,4.0,124.0,129.0,119.0,5.0,365.0,377.0,1.0,3.0,,1.0,-12.0,-2.0,,0
11,4019,Gemischt - 1. Kreisklasse,45,293273,28.02.2026,2026-02-28,10:00,wird gespielt,Gemischt / 1. Kreisklasse / 8. Spieltag,SSV PCK 90 Schwedt Mix II,SG Zechin Mix IV,2,"Simmank, Wolfgang","Grundmann, Nico",SSV PCK 90 Schwedt Mix II,SG Zechin Mix IV,1,0,,,,,,,,,0.0,0.0,,,,,0.0,,,0
11,4019,Gemischt - 1. Kreisklasse,45,293273,28.02.2026,2026-02-28,10:00,wird gespielt,Gemischt / 1. Kreisklasse / 8. Spieltag,SSV PCK 90 Schwedt Mix II,SG Zechin Mix IV,2,"Grundmann, Nico","Simmank, Wolfgang",SG Zechin Mix IV,SSV PCK 90 Schwedt Mix II,0,1,,,,,,,,,0.0,0.0,,,,,0.0,,,0
11,4019,Gemischt - 1. Kreisklasse,45,293273,28.02.2026,2026-02-28,10:00,wird gespielt,Gemischt / 1. Kreisklasse / 8. Spieltag,SSV PCK 90 Schwedt Mix II,SG Zechin Mix IV,3,"Käckenmeister, Björn","Ambos, Denis",SSV PCK 90 Schwedt Mix II,SG Zechin Mix IV,1,0,,,,,,,,,0.0,0.0,,,,,0.0,,,0
11,4019,Gemischt - 1. Kreisklasse,45,293273,28.02.2026,2026-02-28,10:00,wird gespielt,Gemischt / 1. Kreisklasse / 8. Spieltag,SSV PCK 90 Schwedt Mix II,SG Zechin Mix IV,3,"Ambos, Denis","Käckenmeister, Björn",SG Zechin Mix IV,SSV PCK 90 Schwedt Mix II,0,1,,,,,,,,,0.0,0.0,,,,,0.0,,,0
11,4019,Gemischt - 1. Kreisklasse,45,293274,28.02.2026,2026-02-28,10:00,wird gespielt,Gemischt / 1. Kreisklasse / 8. Spieltag,KV Gut Holz 1974 Wriezen Mix II,SSV PCK 90 Schwedt Mix I,0,"Gehrke, Dieter","Kneist, Jürgen",KV Gut Holz 1974 Wriezen Mix II,SSV PCK 90 Schwedt Mix I,1,0,130.0,124.0,132.0,131.0,129.0,77.0,110.0,,517.0,316.0,4.0,,1.0,,201.0,,,0
11,4019,Gemischt - 1. Kreisklasse,45,293274,28.02.2026,2026-02-28,10:00,wird gespielt,Gemischt / 1. Kreisklasse / 8. Spieltag,KV Gut Holz 1974 Wriezen Mix II,SSV PCK 90 Schwedt Mix I,0,"Kneist, Jürgen","Gehrke, Dieter",SSV PCK 90 Schwedt Mix I,KV Gut Holz 1974 Wriezen Mix II,0,1,129.0,77.0,110.0,,130.0,124.0,132.0,131.0,316.0,517.0,,4.0,,1.0,-201.0,,,0
11,4019,Gemischt - 1. Kreisklasse,45,293274,28.02.2026,2026-02-28,10:00,wird gespielt,Gemischt / 1. Kreisklasse / 8. Spieltag,KV Gut Holz 1974 Wriezen Mix II,SSV PCK 90 Schwedt Mix I,1,"Morcinietz, Nico","Lüdtke, Stefan",KV Gut Holz 1974 Wriezen Mix II,SSV PCK 90 Schwedt Mix I,1,0,126.0,132.0,131.0,89.0,138.0,126.0,125.0,81.0,478.0,470.0,3.0,1.0,1.0,,8.0,2.0,,0
11,4019,Gemischt - 1. Kreisklasse,45,293274,28.02.2026,2026-02-28,10:00,wird gespielt,Gemischt / 1. Kreisklasse / 8. Spieltag,KV Gut Holz 1974 Wriezen Mix II,SSV PCK 90 Schwedt Mix I,1,"Lüdtke, Stefan","Morcinietz, Nico",SSV PCK 90 Schwedt Mix I,KV Gut Holz 1974 Wriezen Mix II,0,1,138.0,126.0,125.0,81.0,126.0,132.0,131.0,89.0,470.0,478.0,1.0,3.0,,1.0,-8.0,-2.0,,0
11,4019,Gemischt - 1. Kreisklasse,45,293274,28.02.2026,2026-02-28,10:00,wird gespielt,Gemischt / 1. Kreisklasse / 8. Spieltag,KV Gut Holz 1974 Wriezen Mix II,SSV PCK 90 Schwedt Mix I,2,"Willenberg, Thomas","Völter, Axel",KV Gut Holz 1974 Wriezen Mix II,SSV PCK 90 Schwedt Mix I,1,0,,,,,,,,,0.0,0.0,,,,,0.0,,,0
11,4019,Gemischt - 1. Kreisklasse,45,293274,28.02.2026,2026-02-28,10:00,wird gespielt,Gemischt / 1. Kreisklasse / 8. Spieltag,KV Gut Holz 1974 Wriezen Mix II,SSV PCK 90 Schwedt Mix I,2,"Völter, Axel","Willenberg, Thomas",SSV PCK 90 Schwedt Mix I,KV Gut Holz 1974 Wriezen Mix II,0,1,,,,,,,,,0.0,0.0,,,,,0.0,,,0
11,4019,Gemischt - 1. Kreisklasse,45,293274,28.02.2026,2026-02-28,10:00,wird gespielt,Gemischt / 1. Kreisklasse / 8. Spieltag,KV Gut Holz 1974 Wriezen Mix II,SSV PCK 90 Schwedt Mix I,3,"Lässig, Mario","Schmidt, Jörg",KV Gut Holz 1974 Wriezen Mix II,SSV PCK 90 Schwedt Mix I,1,0,,,,,,,,,0.0,0.0,,,,,0.0,,,0
11,4019,Gemischt - 1. Kreisklasse,45,293274,28.02.2026,2026-02-28,10:00,wird gespielt,Gemischt / 1. Kreisklasse / 8. Spieltag,KV Gut Holz 1974 Wriezen Mix II,SSV PCK 90 Schwedt Mix I,3,"Schmidt, Jörg","Lässig, Mario",SSV PCK 90 Schwedt Mix I,KV Gut Holz 1974 Wriezen Mix II,0,1,,,,,,,,,0.0,0.0,,,,,0.0,,,0
11,4020,Jugend U 14 - Kreisliga,45,293338,28.02.2026,2026-02-28,09:00,wird gespielt,Jugend U 14 / Kreisliga / 9. Spieltag,SG Zechin I,KV Spreenhagen II,0,"Buchholz, Lotta","Möckel, Maxim",SG Zechin I,KV Spreenhagen II,1,0,135.0,130.0,123.0,142.0,119.0,96.0,77.0,90.0,530.0,382.0,4.0,,1.0,,148.0,,,0
11,4020,Jugend U 14 - Kreisliga,45,293338,28.02.2026,2026-02-28,09:00,wird gespielt,Jugend U 14 / Kreisliga / 9. Spieltag,SG Zechin I,KV Spreenhagen II,0,"Möckel, Maxim","Buchholz, Lotta",KV Spreenhagen II,SG Zechin I,0,1,119.0,96.0,77.0,90.0,135.0,130.0,123.0,142.0,382.0,530.0,,4.0,,1.0,-148.0,,,0
11,4020,Jugend U 14 - Kreisliga,45,293338,28.02.2026,2026-02-28,09:00,wird gespielt,Jugend U 14 / Kreisliga / 9. Spieltag,SG Zechin I,KV Spreenhagen II,1,"Lehmpfuhl, Tilda","Klauck, Lukas",SG Zechin I,KV Spreenhagen II,1,0,124.0,131.0,141.0,147.0,115.0,113.0,129.0,102.0,543.0,459.0,4.0,,1.0,,84.0,,,0
11,4020,Jugend U 14 - Kreisliga,45,293338,28.02.2026,2026-02-28,09:00,wird gespielt,Jugend U 14 / Kreisliga / 9. Spieltag,SG Zechin I,KV Spreenhagen II,1,"Klauck, Lukas","Lehmpfuhl, Tilda",KV Spreenhagen II,SG Zechin I,0,1,115.0,113.0,129.0,102.0,124.0,131.0,141.0,147.0,459.0,543.0,,4.0,,1.0,-84.0,,,0
11,4020,Jugend U 14 - Kreisliga,45,293338,28.02.2026,2026-02-28,09:00,wird gespielt,Jugend U 14 / Kreisliga / 9. Spieltag,SG Zechin I,KV Spreenhagen II,2,"Paulus, Paul","Scholz, Jannick",SG Zechin I,KV Spreenhagen II,1,0,114.0,130.0,124.0,25.0,,,,,393.0,0.0,4.0,,1.0,,393.0,,,0
11,4020,Jugend U 14 - Kreisliga,45,293338,28.02.2026,2026-02-28,09:00,wird gespielt,Jugend U 14 / Kreisliga / 9. Spieltag,SG Zechin I,KV Spreenhagen II,2,"Scholz, Jannick","Paulus, Paul",KV Spreenhagen II,SG Zechin I,0,1,,,,,114.0,130.0,124.0,25.0,0.0,393.0,,4.0,,1.0,-393.0,,,0
11,4020,Jugend U 14 - Kreisliga,45,293338,28.02.2026,2026-02-28,09:00,wird gespielt,Jugend U 14 / Kreisliga / 9. Spieltag,SG Zechin I,KV Spreenhagen II,3,"Klong, Jack Daniel","Sarnes, Mia",SG Zechin I,KV Spreenhagen II,1,0,88.0,84.0,98.0,25.0,101.0,125.0,123.0,39.0,295.0,388.0,,4.0,,1.0,-93.0,,,0
11,4020,Jugend U 14 - Kreisliga,45,293338,28.02.2026,2026-02-28,09:00,wird gespielt,Jugend U 14 / Kreisliga / 9. Spieltag,SG Zechin I,KV Spreenhagen II,3,"Sarnes, Mia","Klong, Jack Daniel",KV Spreenhagen II,SG Zechin I,0,1,101.0,125.0,123.0,39.0,88.0,84.0,98.0,25.0,388.0,295.0,4.0,,1.0,,93.0,,,0
11,4020,Jugend U 14 - Kreisliga,45,293339,28.02.2026,2026-02-28,09:00,wird gespielt,Jugend U 14 / Kreisliga / 9. Spieltag,KV Spreenhagen I,1. KSC 1959 Seelow I,0,"Köhler, Zoe","Quasdorf, Laura",KV Spreenhagen I,1. KSC 1959 Seelow I,1,0,101.0,100.0,100.0,112.0,119.0,111.0,116.0,116.0,413.0,462.0,,4.0,,1.0,-49.0,,,0
11,4020,Jugend U 14 - Kreisliga,45,293339,28.02.2026,2026-02-28,09:00,wird gespielt,Jugend U 14 / Kreisliga / 9. Spieltag,KV Spreenhagen I,1. KSC 1959 Seelow I,0,"Quasdorf, Laura","Köhler, Zoe",1. KSC 1959 Seelow I,KV Spreenhagen I,0,1,119.0,111.0,116.0,116.0,101.0,100.0,100.0,112.0,462.0,413.0,4.0,,1.0,,49.0,,,0
11,4020,Jugend U 14 - Kreisliga,45,293339,28.02.2026,2026-02-28,09:00,wird gespielt,Jugend U 14 / Kreisliga / 9. Spieltag,KV Spreenhagen I,1. KSC 1959 Seelow I,1,"Lischke, Charlotte","Schikowski, Valeska",KV Spreenhagen I,1. KSC 1959 Seelow I,1,0,124.0,127.0,100.0,118.0,104.0,84.0,78.0,71.0,469.0,337.0,4.0,,1.0,,132.0,,,0
11,4020,Jugend U 14 - Kreisliga,45,293339,28.02.2026,2026-02-28,09:00,wird gespielt,Jugend U 14 / Kreisliga / 9. Spieltag,KV Spreenhagen I,1. KSC 1959 Seelow I,1,"Schikowski, Valeska","Lischke, Charlotte",1. KSC 1959 Seelow I,KV Spreenhagen I,0,1,104.0,84.0,78.0,71.0,124.0,127.0,100.0,118.0,337.0,469.0,,4.0,,1.0,-132.0,,,0
11,4020,Jugend U 14 - Kreisliga,45,293339,28.02.2026,2026-02-28,09:00,wird gespielt,Jugend U 14 / Kreisliga / 9. Spieltag,KV Spreenhagen I,1. KSC 1959 Seelow I,2,"Köhler, Fabienne","Schneider, Vanessa",KV Spreenhagen I,1. KSC 1959 Seelow I,1,0,118.0,136.0,107.0,122.0,112.0,111.0,118.0,115.0,483.0,456.0,3.0,1.0,1.0,,27.0,2.0,,0
11,4020,Jugend U 14 - Kreisliga,45,293339,28.02.2026,2026-02-28,09:00,wird gespielt,Jugend U 14 / Kreisliga / 9. Spieltag,KV Spreenhagen I,1. KSC 1959 Seelow I,2,"Schneider, Vanessa","Köhler, Fabienne",1. KSC 1959 Seelow I,KV Spreenhagen I,0,1,112.0,111.0,118.0,115.0,118.0,136.0,107.0,122.0,456.0,483.0,1.0,3.0,,1.0,-27.0,-2.0,,0
11,4020,Jugend U 14 - Kreisliga,45,293339,28.02.2026,2026-02-28,09:00,wird gespielt,Jugend U 14 / Kreisliga / 9. Spieltag,KV Spreenhagen I,1. KSC 1959 Seelow I,3,"Brumme, Paul","Bienias, Melina",KV Spreenhagen I,1. KSC 1959 Seelow I,1,0,111.0,142.0,102.0,128.0,88.0,82.0,102.0,108.0,483.0,380.0,3.5,0.5,1.0,,103.0,3.0,,0
11,4020,Jugend U 14 - Kreisliga,45,293339,28.02.2026,2026-02-28,09:00,wird gespielt,Jugend U 14 / Kreisliga / 9. Spieltag,KV Spreenhagen I,1. KSC 1959 Seelow I,3,"Bienias, Melina","Brumme, Paul",1. KSC 1959 Seelow I,KV Spreenhagen I,0,1,88.0,82.0,102.0,108.0,111.0,142.0,102.0,128.0,380.0,483.0,0.5,3.5,,1.0,-103.0,-3.0,,0
11,4069,Gemischt - 1. Kreisklasse,47,310006,23.02.2026,2026-02-23,18:00,beendet,Gemischt / 1. Kreisklasse / 11. Spieltag,SV Einheit Drebkau I,ESV Lok Cottbus Mix I,0,"Bortz, Angela","Schäfer, Andreas",SV Einheit Drebkau I,ESV Lok Cottbus Mix I,1,0,146.0,127.0,127.0,135.0,112.0,127.0,135.0,117.0,535.0,491.0,2.5,1.5,1.0,,44.0,1.0,,0
11,4069,Gemischt - 1. Kreisklasse,47,310006,23.02.2026,2026-02-23,18:00,beendet,Gemischt / 1. Kreisklasse / 11. Spieltag,SV Einheit Drebkau I,ESV Lok Cottbus Mix I,0,"Schäfer, Andreas","Bortz, Angela",ESV Lok Cottbus Mix I,SV Einheit Drebkau I,0,1,112.0,127.0,135.0,117.0,146.0,127.0,127.0,135.0,491.0,535.0,1.5,2.5,,1.0,-44.0,-1.0,,0
11,4069,Gemischt - 1. Kreisklasse,47,310006,23.02.2026,2026-02-23,18:00,beendet,Gemischt / 1. Kreisklasse / 11. Spieltag,SV Einheit Drebkau I,ESV Lok Cottbus Mix I,1,"Heine, Iris","Höbbel, Ulrich",SV Einheit Drebkau I,ESV Lok Cottbus Mix I,1,0,130.0,128.0,124.0,124.0,105.0,75.0,109.0,86.0,506.0,375.0,4.0,,1.0,,131.0,,,0
11,4069,Gemischt - 1. Kreisklasse,47,310006,23.02.2026,2026-02-23,18:00,beendet,Gemischt / 1. Kreisklasse / 11. Spieltag,SV Einheit Drebkau I,ESV Lok Cottbus Mix I,1,"Höbbel, Ulrich","Heine, Iris",ESV Lok Cottbus Mix I,SV Einheit Drebkau I,0,1,105.0,75.0,109.0,86.0,130.0,128.0,124.0,124.0,375.0,506.0,,4.0,,1.0,-131.0,,,0
11,4069,Gemischt - 1. Kreisklasse,47,310006,23.02.2026,2026-02-23,18:00,beendet,Gemischt / 1. Kreisklasse / 11. Spieltag,SV Einheit Drebkau I,ESV Lok Cottbus Mix I,2,"Handta, Andreas","Schmidt, Torsten",SV Einheit Drebkau I,ESV Lok Cottbus Mix I,1,0,132.0,102.0,128.0,115.0,127.0,122.0,119.0,125.0,477.0,493.0,2.0,2.0,,1.0,-16.0,0.0,,0
11,4069,Gemischt - 1. Kreisklasse,47,310006,23.02.2026,2026-02-23,18:00,beendet,Gemischt / 1. Kreisklasse / 11. Spieltag,SV Einheit Drebkau I,ESV Lok Cottbus Mix I,2,"Schmidt, Torsten","Handta, Andreas",ESV Lok Cottbus Mix I,SV Einheit Drebkau I,0,1,127.0,122.0,119.0,125.0,132.0,102.0,128.0,115.0,493.0,477.0,2.0,2.0,1.0,,16.0,0.0,,0
11,4069,Gemischt - 1. Kreisklasse,47,310006,23.02.2026,2026-02-23,18:00,beendet,Gemischt / 1. Kreisklasse / 11. Spieltag,SV Einheit Drebkau I,ESV Lok Cottbus Mix I,3,"Biela, Petra","Reimann, Norbert",SV Einheit Drebkau I,ESV Lok Cottbus Mix I,1,0,112.0,111.0,94.0,124.0,127.0,129.0,121.0,95.0,441.0,472.0,1.0,3.0,,1.0,-31.0,-2.0,,0
11,4069,Gemischt - 1. Kreisklasse,47,310006,23.02.2026,2026-02-23,18:00,beendet,Gemischt / 1. Kreisklasse / 11. Spieltag,SV Einheit Drebkau I,ESV Lok Cottbus Mix I,3,"Reimann, Norbert","Biela, Petra",ESV Lok Cottbus Mix I,SV Einheit Drebkau I,0,1,127.0,129.0,121.0,95.0,112.0,111.0,94.0,124.0,472.0,441.0,3.0,1.0,1.0,,31.0,2.0,,0
11,4069,Gemischt - 1. Kreisklasse,47,310004,28.02.2026,2026-02-28,10:00,wird gespielt,Gemischt / 1. Kreisklasse / 11. Spieltag,Haidemühler SV 1908 Mix I,BSV GW Friedrichshain Mix I,0,"Herfort, Mathias","Jentsch, Tobias",Haidemühler SV 1908 Mix I,BSV GW Friedrichshain Mix I,1,0,121.0,131.0,114.0,118.0,129.0,111.0,136.0,123.0,484.0,499.0,1.0,3.0,,1.0,-15.0,-2.0,,0
11,4069,Gemischt - 1. Kreisklasse,47,310004,28.02.2026,2026-02-28,10:00,wird gespielt,Gemischt / 1. Kreisklasse / 11. Spieltag,Haidemühler SV 1908 Mix I,BSV GW Friedrichshain Mix I,0,"Jentsch, Tobias","Herfort, Mathias",BSV GW Friedrichshain Mix I,Haidemühler SV 1908 Mix I,0,1,129.0,111.0,136.0,123.0,121.0,131.0,114.0,118.0,499.0,484.0,3.0,1.0,1.0,,15.0,2.0,,0
11,4069,Gemischt - 1. Kreisklasse,47,310004,28.02.2026,2026-02-28,10:00,wird gespielt,Gemischt / 1. Kreisklasse / 11. Spieltag,Haidemühler SV 1908 Mix I,BSV GW Friedrichshain Mix I,1,"Tafelski, Dirk","Mettke, Carolin",Haidemühler SV 1908 Mix I,BSV GW Friedrichshain Mix I,1,0,123.0,116.0,137.0,129.0,109.0,107.0,105.0,100.0,505.0,421.0,4.0,,1.0,,84.0,,,0
11,4069,Gemischt - 1. Kreisklasse,47,310004,28.02.2026,2026-02-28,10:00,wird gespielt,Gemischt / 1. Kreisklasse / 11. Spieltag,Haidemühler SV 1908 Mix I,BSV GW Friedrichshain Mix I,1,"Mettke, Carolin","Tafelski, Dirk",BSV GW Friedrichshain Mix I,Haidemühler SV 1908 Mix I,0,1,109.0,107.0,105.0,100.0,123.0,116.0,137.0,129.0,421.0,505.0,,4.0,,1.0,-84.0,,,0
11,4069,Gemischt - 1. Kreisklasse,47,310004,28.02.2026,2026-02-28,10:00,wird gespielt,Gemischt / 1. Kreisklasse / 11. Spieltag,Haidemühler SV 1908 Mix I,BSV GW Friedrichshain Mix I,2,"Voigtländer, Detlef","Innig, Matthias",Haidemühler SV 1908 Mix I,BSV GW Friedrichshain Mix I,1,0,,,,,,,,,0.0,0.0,,,,,0.0,,,0
11,4069,Gemischt - 1. Kreisklasse,47,310004,28.02.2026,2026-02-28,10:00,wird gespielt,Gemischt / 1. Kreisklasse / 11. Spieltag,Haidemühler SV 1908 Mix I,BSV GW Friedrichshain Mix I,2,"Innig, Matthias","Voigtländer, Detlef",BSV GW Friedrichshain Mix I,Haidemühler SV 1908 Mix I,0,1,,,,,,,,,0.0,0.0,,,,,0.0,,,0
11,4069,Gemischt - 1. Kreisklasse,47,310004,28.02.2026,2026-02-28,10:00,wird gespielt,Gemischt / 1. Kreisklasse / 11. Spieltag,Haidemühler SV 1908 Mix I,BSV GW Friedrichshain Mix I,3,"Gräfe, Marcel","Melchrick, Juliane",Haidemühler SV 1908 Mix I,BSV GW Friedrichshain Mix I,1,0,,,,,,,,,0.0,0.0,,,,,0.0,,,0
11,4069,Gemischt - 1. Kreisklasse,47,310004,28.02.2026,2026-02-28,10:00,wird gespielt,Gemischt / 1. Kreisklasse / 11. Spieltag,Haidemühler SV 1908 Mix I,BSV GW Friedrichshain Mix I,3,"Melchrick, Juliane","Gräfe, Marcel",BSV GW Friedrichshain Mix I,Haidemühler SV 1908 Mix I,0,1,,,,,,,,,0.0,0.0,,,,,0.0,,,0
